,Unnamed: 0.1,Unnamed: 0,userid,postCount,followerCount,folloingCount,pidCount,likeCount,commentCount,commentUserList
0,0.0,0.0,instagram,7164,520000000,130,12,5431000,133069,"['behzad.tabesh', 'zakaria._original', 'sachin_kaintura_143', 'music.clip98', 'ma1d', 'qwasiblay', 'roshangoswami_07', 'mithudas9787', 'timar_79', 'rahul.popper.946', 'vanshika.urf.vanshu', 'talaclip2021', 'dehkade_kalam', 'sujeet_rajput_01', 'rag_morris', 'the_niklo_5656', '9.2v2', 'yosufpayambar', 'elina.___1', '5s5l', 'shaahinmatin', 'mahdidub1f', 'mohamad.dariushi', 'isha____pathania', 'iluuvvme_', 'mi_za', 'visha.rajput_', 'mairifashion', 'hamedtabrizi_3', 'priyanka_shinde_2712_', 'prince__arun__9999', 'y_a_d_a_v_j_e_e_01', 'anoopanuz1845', '3omi_najm', 'kamii_shehzada', 'shiwang.37', '_thanazil_naha_07', 'mathew_posts_shit_memes', 'saat.ma3', 'esteghlalnet', 'innocent_vishwakarma', 'oghenekaroitene', 'lyssatheebratt_', '0q.qg', 'umeshbamil', 'mostafa.sharlot', 'theprettyleoo_', 'vimalkashyap33']"
1,1.0,0.0,behzad.tabesh,25,11400,94,24,173187,8057,"['hayedeh_hadi', 'mahsa.banaie', 'abbasazordeh4', 'nafies.1', 'tamana.rahimi1112', 'hojat.hashemi2', 'siya.g', 'milad_khodaei1', 'javadriish', 'sadegh__nolove', 'setayeshj471', 'haghighi5450', 'alireza_akbari_1370', 'elahe.hemati2020', 'ali_ghanbari1300', 'asal.mohamadi111', 'fahami_hossein', 'behnam.contractor', 'mohammadmandegar_org', 'mohammad_ayhan1', 'mehdi__1343', 'majidmehrdadian']"
2,2.0,0.0,zakaria._original,23,13500,2486,23,33528,11229,"['y4seen_1992', 'hasel.darkaleh', 'shoeib_darkaleh_cfz', 'eli_.829', 'haref.dorkaleh.cfz', 'ejaz_darkaleh', 'salman_khan_fan___6062', 'i.mehrz4d', 'faisal_darkaleh', 'helen._.86_', 'mir_mehdi_askani', 'saeed_darkaleh_cfz', 'azombaloch.official', 'salam_baloch0', 'sh4h.dorkaleh', 'djmehran6965', 'r7min_sh7h', '_kaka_0074', 'riyaz_darkaleh_cfz', 'asalok_89', '4bdollh._.albaloshi', 'asman_b24', 'zober_jadgalll', 'ndn_91', 'abdi._.baloch.1', 'shaker___ali', 'shoaib.__.askani', 'omid__irandegani', '_k4dkhod4ei_.7x', 'hadi.__.baloch']"
3,3.0,0.0,sachin_kaintura_143,7,951,61,7,720,66,"['its_dipanshu_12', 'ajay.ajayrawat.5602', 'kothari_shruti4', 'hacker________12828', 'itz___bawa__rohit______', 'manish_mamgain_40', 'sumitprasadmamgain', '__kuldeeprawat', 'ak_gril10', 'naresh_mamgain_', 'vipin_rawat_11', 'anjalirawat686']"
4,4.0,0.0,qwasiblay,12,11700,1558,12,21760,643,"['saralopez9190', 'fre_ma.x', 'kwesikendrickk', 'iam_shugamummy', 'kenny_bayoo_', 'prospermicheal_fresh', 'manuella_.xx', 'be_like_ernesto', 'blackgotit_', 'mr.borteyy', 'afyabetty_xx', 'prashantshinde18x', 'lina.xex.blogs', '25_theworld', 'who_is_enyonam', 'loveanimal2210', '__kurteous', 'jamesbond946075', 'bk.agyekum', 'cylla_xxo', 'abenaernan', '66l0rd_b0y', 'omanhene.dessy', 'icetharg_official', 'dadies_bee', 'yeboah.stephenson', 'mrr.president_', '_modeste_celebrity_09', '_mr_moore.x', 'afrakoma.a.owusu', 'love_16215', '_pay.ghees_2811', '_creed.anderson', '__el.roy', 'trends_with_ovick', 'efya_yogurt', 'x_dawwg_', '_realestyoungin38', 'pkberwal2022', 'qojo__qwaqye', 'dirty_tren.t', 'bigger_than_fly', 'smarterkills', '_ben_wavy_', 'iam_azam_ug', 'ohemaa_doreen.xx', 'billygramm_', 'yaa_grace_', 'ugly_dholl']"
5,5.0,0.0,roshangoswami_07,68,36400,4993,24,5080,281,"['officialkirshna97', 'magno_scavo', 'abhinavyadav_03', 'offic_ialkirshna97', 'rahulshah_______', 'roshangoswami_07', 'kamesh1999das', 'sagarchohan358', 'edit_cute_girl', 'mr_musharraf007', 'ahilhussain_', 'prinshu_kashyap123', 'triptipatre02', 'rkeditorzone', 'rahul_r2__', 'divya15255', 'rikk.786920', '__priyansh___24', 'rohitni872_rn_editing', 'mobile_photographyr', '_ragini_attitude_', 'priith_the_photographer', 'poojarauut392', 'mr.sahilyadav1525', 'shagun.khesharwani_', 'mahi_banna_mikki']"
6,6.0,0.0,mithudas9787,222,949,31,24,5034,3260,"['nishant__2130', 'singhlakhan752', 'nirajverma6745', 'avtaar_rudra_pooja_rudra', 'kulde_ep1973', 'sapana_gupta_01', 'ratheeshkumar111', 'ratnajha143', 'anurishikesh', 'bhat__nisar.bhat__nisar1', 'laxmi.akshar.patel1024', 'ramnareshgupta6370', 'jakhan5134', 'vishal_rathore_1_13_7', 'babitakumari930499', 'ritu_chauhan_7', 'mdevi3516646', 'ravic8040', 'rajeevsingh0106', 'sarita_bhawar_rishikesh', 'gracetechgaurav', 'khutanprem', 'kunda_n4715', 'pawanjoger12', 's_k__143_8', 'mohitroy8346', 'sarfraz4546', 'khodabhimabhai', 'princess75797579', '_rs3171', 'bi.mal19', '______mr.jay.007___', 'official_satish_94']"
7,7.0,0.0,timar_79,130,63000,6,12,1318600,1899,"['blog_my_happy', 'shabanie2021', 'fazel__takpar7912', '_fazedep___', 'alirezakhosoos5304', 'fat_emehameri', 'bale.shekaste', 'pesarak.tanha.7912', 'hajizadeabas_', 'rasta01234', 'amir___2909', 'bahsr336', 'rahagharayi', 'elham.zarei1362', 'deepx6amir', 'nafasook__5280', 'parsa47571', 'gamil_cilp', 'fateme_oto5', 'mohsen.3zar', 'everyone6745', '_erfanam_tv', 'farzan.karaj021', 'fa.ranak1441', 'z.s.hossini2001', 'queen1vn', 'ali_sadegii1385', '_fatii.eb', 'gra_ymira', 'mh_ra_n_2003', 'sad.vids2', 'sine_sooz', 'h147041', 'mix.a.mir', 'delbarane_1391', 'psr.bad.1372', 'mahdi.f353', '_cliip.dep', 'tex.donii', 'bahar.jelodari6699']"
8,8.0,0.0,rahul.popper.946,1329,117000,142,12,31780,185,"['mr_shadankhan01', 'fort_una_95', 'itz_pahadi_0231', 'i_am_rishi_78', 'bts.army6316', 'its_me_surya_356', '00__rahul_3030', 'gaurav_shahare_199', 'rihansabri143', 'cute_anjali_.i', 'roshan__jiii', 'sonu__babu__paswan__ji_', 'igabhi09', 'darshansmiley7', 'mr.rahul_official_143_______', 'tarun___tarun___142', 'offcial_kanhaiyalal', 'taperskhan', 'hyper_______boy', 'trinath_1423', 'your_akash__ak', 'd.i.l.e.s.h.w.a.r', 'psgaming_bgmi_tdm', 'shivam01550', 'solo__king____aravind', 's_u_jal___302', 'santoshgamit932']"
9,9.0,0.0,vanshika.urf.vanshu,9,1063,56,9,5704,323,"['shaqib407', 'mayank23260', 'jatin_ruhal_hr06', 'darkshadow9273', 'vedikaoffical', 'kkhussain5156', 'innocentashiq143', 'sweet_heart_offcial', 'kuldeepsharma3691', 'himzzzzzzzzzz', 'ravicoolyadav', 'prince_rohtakaala', 'its_sagar_005', 'riyadangofficial', 'bismaawais91', 'shivangii1826', 'ives2346', 'manish9176sharma', 'sakshi_3850', 'bestii980', 'dangrekha1234', 'dangwal.rahul733']"
10,10.0,0.0,talaclip2021,404,1910,1568,24,102125,96,"['s_a_m_i_n_f', 'pelakekhande2', 'parisa__kamyar_']"
11,11.0,0.0,rag_morris,2467,406,244,12,59,22,['chef_williamz']
12,12.0,0.0,yosufpayambar,690,98300,10,12,41163,487,"['hamid.noruzzadeh1', 'mash.twasi', 'vahid.10313', 'darya_ariyayi', 'saat.jazab', 'shirin23487jhhb', 'amir._.hamzenajhad14', 'ava.1.3.7.4', 'elmirakeykhaii', 'kyvanesmailzadeh', 'emperatoor.badha', 'bll.7207', 'saatarzon', 'najmadin.alimoradi', 'nematnikzad42', 'hasanbagheri9861', 'babak_gholinia', 'servat.azizi', 'hozanvalat', 'mirghasemikazem', 'fatane.95', 'amiralimirzayee144', 'abbas.pishyareh4848', 'mansor.tamimi06720', 'hamid_abareghi84', 'mostafaaaa.m68', 'rozh.halat70']"
13,13.0,0.0,shaahinmatin,610,4426,298,24,10624,1155,"['josephmatayo_', 'amz_giveaways2022', 'yoana__roy_', 'turan.arabani25', 'ssdekh_', 'boardinggate05', 'khaterehmatin', 'audy.choo', 'wendyh7468', 'bind.as6761', 'bhr_shah', 'shaahinmatin', '__stargurll', 'lartmel', 'teddyray0', 'walker_jaxe', 'carolynellie2990', '_amber_barbie', 'lombard_stevenson', 'su.sanmiller___', 'janzena858', 'hoto.art', 'galeriehesse', 'just.w3dd', 'wendypeiqi', 'mark_btc34', 'theessenceidentity', 'fatemebehmadi73', 'sa65589', 'ella._karami', 'james_sfox_bitcoin', 'https.ireneeee', 'faby_cdsouza']"
14,14.0,0.0,mahdidub1f,93,27200,200,24,249521,2977,"['manizhe.2020', 'khanomaye_kochak', 'bayaz_bulut_1983', 'jokdooney', 'amirshad13', 'mehrana_3663', 'romina_mmd', 'hasan.t.3391', 'l.gol.55oo_', 'mahdidub1f', 'mahdiyeh.bagherrii', 'salinaz_bide_2750', 'mohamedheydara', 'sajaddj1', 'nsn__o_pouya.for.ever', 'parro_tz', 'irajtoudehzaeim', 'hoseynivali65', 'mohammad.abdollahi65', 'gholami_king2', 'makeu3558', 'booksgram.ir', 'farzanehr2', 'filmm_tanz', 'shayesteh_fun', 'nasrin__r1376', 'rahul_________misra______.302_', 'hmid25265', 'hossini9713', 'dorsa2134_', 'mazgiiii90937', 'ali_kazzemi1', 'leila.moradi.varzeghani', 'sarina_ramezani86', 'arsham.arshida_1', 'freshteh.gh72']"
15,15.0,0.0,mohamad.dariushi,602,58300,201,12,1323612,3147,"['taghdir_talkhh', 'sugand.music', 'music.clip98', 'dariush.fan.dariush', 'delnevis_65', 'deghbali._', 'dr.ray.behdar', '_f_bahadorii', 'shiv_r9888', 'maryamdariushi_', 'meysam_darush', 'wlkh.dm', 'davood64.fans', 'bw.lfdl.47', 'vahidebrahimii6', 'sajad.so90', 'setareh.__setareh', 'music_n_shahram', 'dariushfan.2000', 'tekiye__bar____', 'fati_21311', 'shadi.m.58', 'amo_javad60', 'shahinjavidi15gmail', 'nice_musiic_', 'loooove890', 'leiyla_music', 'maha23467999', 'shahram.king.sara']"
16,16.0,0.0,mairifashion,576,82400,75,24,162104,28358,"['lailamariawitt', 'sarvan.sarvanraj.566', 'antoninoazzaro71', 'hannahonline', 'tzenypavlou', 'minadakigogo', 'umojaspice', 'gio_torn', 'aftab1121khan', 'zaazlooxeur', 'brahimjamel', 'nikospapas196', 'kelvinolive111', 'fanikiassou', 'ardeleanvasilemihai', 'lyuppa2021', 'gitsazafiropoulou', 'rawtasha', 'natyashba', 'riyasat_9001', 'croubassis', 'taounate2935', 'mariakappami', 'papazisisgiorgos', 'aqif.skura', 'jerrys.markat', 'ranaiqbalnawaz', 'peppes.giorgos', 'menhcrist', 'nikaathina', 'macmusm', 'tastan5763']"
17,17.0,0.0,hamedtabrizi_3,197,131000,12,24,1182100,2052,"['beauty.stadio8', 'morovati_chaghoo_zanjan', 'negaar5734', 'khndoone.ir', 'theomas__', 'mahdi_tahmasbi1998', 'doaneviesi', 'abollfazl.kils_2626', '__salamat__mehvar__', 'clip.elnazz', 'arashmilan61', 'maryam_kamrran', 'rmeysam566', 'salar_gadimi9', 'mohamad_asghari5621', 'a._parwizzadh88', 'fatemehnouri49', 'razaaskarii', 'zakerghamar__133', 'h_sobhani13870429', 'he_lma_1990', '__salamat_._zendegi__', 'behnam.firouzi1368', 'fatememirdeli5803', 'funkolbeh', 'sana.fm00', 'mhdynzry7107', 'k.rahanjam1', 'mdmbjp', 'azar57579', 'anakny_ii', 'x_x_pourya_x_x', 'mahyar_aghapoor_chobar_', 'nafasaram25', 'seid_mehdi_iavar', 'clip_fatiii', 'edit_aisoda']"
18,18.0,0.0,priyanka_shinde_2712_,252,43600,164,24,50373,3214,"['vijay__73', 'official_priyanka_2712', 'sunitasainianil', 'tarunverma3201', 'king_khan_salman_1', 'furqan_khan_sahar', 'mr_saavejmalik_143', 'prasad.7775', 'sonali_paril_143_', 'samratsamratchoudhary', 'ganeshwaghmare011', 'ad_itya123456', 'arayeshi_navad', 'sp424102', 'rajdubey552000', 'belal_cb786', 'aslamshaikhaslam.s', 'cute_pakhi.official.0786', 'harish_05_5_', 'tonydias129', 'mayursinh_zala_ilol', 'borichashambhu', 'ch_arslan070', 'shivanisharma8801', 'hkharishgoutham', 'ashwi_n200', 'hkgoutham', 'mangesntha', 'kuldeep_rajput_official_1', 'shekharkumar6614', 'online_ernnig', 'kailashdashore_', 'mohdmmed.hussain', 'skm_00124', 'bhatu.wankhede.123', 'h.r._hb']"
19,19.0,0.0,kamii_shehzada,43,4998,986,24,8775,276,"['zulkifalkhan77', 'abdul_hafi_awan786', 'qaim.hussain.351', '__c_h_i_s_h_t_i__', 'ma.nahil4153', 'tazaall46', 'aqeelrajasaqib', 'arabia_rose_888', 'ra.bi8312', 'iftikhar.gilgiti', 'daimchanihyoon', 'faryals_beautification_palace', 'ziddi__nawaz', 'itx_shakir_pathan', 'farman.g.96']"
20,20.0,0.0,shiwang.37,12,3925,230,12,1392,129,"['its___mi_priti', 'raikamlesh428', 'swee.tykumari90', 'wasim___sayyed', '__.kakarot._', 'chhotu__yadav__hacker__7786', 'nidhibarai_09', 'riyarani5252', 'hope_full_paul', 'itz_me_tom_and_jerry_0143', 'nycfam__', 'itz_nazia_14', 'mr.aman.police.up66', '4838badboy']"
21,21.0,0.0,mathew_posts_shit_memes,24,125,404,24,803,28,"['annajerry2006', 'nmr_0709', 'jivx.14']"
22,22.0,0.0,innocent_vishwakarma,216,639,266,24,2423,189,"['itsmee2263', 'sheetall.sital', 'lion_heart_vanubha_777', 'alisha___thakur___3910', 'vikas._08', 'harsh_vishwakarma_2263', 'anjalirajput3144', 'sizzling.babe.001']"
23,23.0,0.0,umeshbamil,52,10100,146,24,11095,777,"['minakshidas23', 'banti_choudhary_gudha', 'nishu_queen_oo8', 'surjeetchoudhay', 'monu_choudhary_1321', 'pr.06.lee', 'the_preetiest_rinki03', 'archnarawat37', 'kiranverma963', 'its_nikita0969', 'pradeep_choudhary_gudha', 'pradeep_chaudhary_21', 'maryanti_lilis_357', 'manish_jaat_1433', 'call_me_choudhary_ji', 'buliya_jaat_0000', 'ajeet_sing__', 'delboygymhead', 'anupama0055']"
24,24.0,0.0,vimalkashyap33,11,277,81,11,2353,91,"['kattar_ahir_5832', 'vimalkashyap685', 'rinadas572', '15.4.2021_maa', 'seemakashyap34', 'babysonasonasona', 'rajprajapti561', 'zubaid4227', 'prashantpanday581', 'ankitkashyap46', 'royal_rohit_9140']"
25,25.0,0.0,tamana.rahimi1112,6,733,1359,6,1597,69,"['behzad.tabesh', 'abolfazll___p', 'mohammdnasiri125', 'hadyqrbany42']"
26,26.0,0.0,behnam.contractor,17,290,240,12,1161,13,"['zolfagharizahra266', 'payam.z93', 'erfonkhosravi2468']"
27,27.0,0.0,mohammadmandegar_org,22,3938,187,12,48966,1426,"['behzad.tabesh', 'mehdisaei969', 'sahar._.cilp', 'mehran_gh6992', 'butickesherotarane', 'aramise65', 'mohammadmandegar_fan', 'mostafan.10', '___siminsa', 'shah.ab9512', 'gh.shafieian58', 'ali_saberi1377', 'yaserfakhim_official', 'bahar99464', 'mohamadghorbani1222', 'rimaaa590', 'paradox_org_ir', 'majid.mirzaei795', 'elnaz_student', 'mozhganmosavi1', 'vahidmosavi9747035', 'sahar_zandi7273', 'reza.yazdanian2946', 'shade13979', 'hamedjohary865', 'danial_farahani84', 'mrkat2019', 'imina___fr', 'love__fann', 'mh_e1998', '_nasrin_ap_']"
28,28.0,0.0,hasel.darkaleh,69,9094,6100,12,6205,1558,"['farhad.jadgall', 'shoeib_darkaleh_cfz', 'mostak__9656', 'kamal_30fz', 'faisal_darkaleh', 'ejaz_darkaleh', 'vahid_darkaleh_cfz', 'ghadri_cfz', 'djmehran6965', 'javid_darkaleh_cfz', '_kaka_0074', 'mr.__.jadgal', '_f4rsh1d', 'riyaz_darkaleh_cfz', 'arjun_cfz', 'kaka_.4rmeen', 'momtaz.biwas', 'zober_jadgalll', 'mosen_shed9207', 'faramarz_baloch99', 'miiim22__', 'hadi.__.baloch']"
29,29.0,0.0,shoeib_darkaleh_cfz,30,3159,1152,24,6102,1258,"['ngar_bloch', 'asghar_dorkaleh_cfz', 'ms_lm8947', 'haji_f_1998', 'haref.dorkaleh.cfz', 'amir._.d.1996', 'faisal_darkaleh', 'sbkhy478', 'kaka.amed', 'javid_darkaleh_cfz', 'banook_sarbazi_1380', 'j4v4d_.30.fz', 'saeed_dortakide7074', 'w969z', 'nasrollah_darkaleh_cfz', 'roshanzahi_1710', 'faramarz_baloch99', 'sidig_sh4h', 'marzieh_3954']"
30,30.0,0.0,eli_.829,11,5968,1087,11,6597,1889,"['junaid__db', 'amix_16k', 'abdollaofficial', '9891208ahmad_sf', 'hoot_.aslam', 'lal_jan_hoot', 'kaka.khalil.1380', 'bashir_bidar', 's7l0o_.nx', 'i_3ima.__', '4ing_sami', 'hell_boy2700', 'j4v4d_.30.fz', 'baseet_omara3', 'soheil.sozoki', 'clip_shad_99', 'esmaeil_mirbalouchzahi_9005', 'zahed_30.f.z', '_gebyweh.euneng', 'eqbal._.0098', 'i.naila_cfz', 'i_sam0lwa_', 'salman_is_back']"
31,31.0,0.0,haref.dorkaleh.cfz,4,3083,564,4,4294,686,"['nazanin.online.shop', 'faredras', 'sadegh_delsaf', 'mostafa.__mohammadi', 'sarkhosh_43', 'marjan_zakeriiiii', 'ima.elin', 'abdollah.dehani', 'hossain_1995', 'mtn.1324', 'jmshydrygy29', '4781mobina', 'yousaf_cfz', 'belal_alz', 'e_m_r_a_n___ok', 'jadgall_cfz._', 'zakriya_darakshideh', 'amir.aminio', 'vahid_rashidi.1375', 'kader_jamalzahei', 'hanif.9202', 'shotii_graam', 'uxmid.4i', 'habib_sarbazi6', 'miii__paritaghi1380', 'un32452', 'im___sarina__', 'telma_hpv', 'shabashtablofarsh', 'zakaria_nootizehi', 'safi_islam_video']"
32,32.0,0.0,ejaz_darkaleh,12,5468,1287,12,5053,1987,"['rashed_jadgall', 'sadeq.darkaleh', 'esi_cfz_11', 'king.yaser1', 'obeid_darkaleh_cfz', 'kamal_30fz', 'haref.dorkaleh.cfz', 'rezwan_dorkaleh', 'borjan.123', 'arbabi_.s', 'kianadelaware1380', 'riy4z_albaloshi', 'saeed_darkaleh_cfz', '_mos_wer_', 'doki_albaloshi_', 'r7min_sh7h', 'samad_r_cfz', '_kaka_0074', 'balouch9934', 'riyaz_darkaleh_cfz', 'ehsan_hoot21', 'rashid_jadgal.cfz', 'j4v4d_.30.fz', 'un32452', 'nasrollah_darkaleh_cfz', 'faramarz_baloch99', '_k4dkhod4ei_.7x', 'sli._16', 'hadi.__.baloch']"
33,33.0,0.0,faisal_darkaleh,14,1803,347,14,2698,652,"['farhad.jadgall', 'sadeq.darkaleh', 'mojtaba_dehvari6154', 'zober_jadgalll', '6iirin.__', 'nasrollah_darkaleh_cfz', 'a.l2149', 'faramarz_baloch99', 'sidig_sh4h', 'dokhii._.baloch6']"
34,34.0,0.0,helen._.86_,4,8009,1403,4,21714,3820,"['bilal.__.askani', 'amir._.baloch1', '_roliw_24', 'amirhosin_mobaseri', 'mariyaa_82', 'amir.ganook', '3ardar_00k', 'aliasghar_raisi77', 'hasib__0081', 'sogoll_1620', 'me_rakhshani', 'om4r_brh', 'e_s_m_a_i_l_8', 'aria_b4luch', 'mr.morteza.30fz', 'mahal4s.___', 'balochzahi_pv', 'amin_r57', '_maramook._98', 'ahmadi0k_', 'amiri_1995_']"
35,35.0,0.0,salam_baloch0,41,33500,2625,24,119149,17753,"['khanok__33', 'azizi._farogh._74', 'tr._.ho', 'gachbora', 'balooch4896', '4mwin_', 'maaz_kalmati1995', 'masood.askani5', 'sadegh._.baloch', 'akhtar__3arbazi10', 'khalaghsho_tv7', 'cozmeticsnegah', 'shahr4m_alon3', 'nadim_sarbazi00fn', 'mehrshad_jadgall', 'pah4ng', 'r7min_sh7h', 'mohsen__30.f.z', 'll_aysanaa_ll007', 'devil._.ar3lan', 'ariyan.__.balochii', 'hamid__raisi_', 'nabatzahi.sarbaz', 'mar.yamcfz6', '_.h4diis', 'shoaib.__.askani', 'yaya._dehdati66', 'sara._28438']"
36,36.0,0.0,sh4h.dorkaleh,76,14400,3711,24,33062,16011,"['miss_3lh4m', 'jadgaal_cfz.11', 'hasel.darkaleh', '_mi9_4', 'anas_barani', 'amir._.d.1996', 'ejaz_darkaleh', 'faisal_darkaleh', 'masood.askani5', 'sadegh._.baloch', 'moviek._ir', 'yones_balooch_1380', 'talang_n4sir', 'taha_ghasemzaei', 'htyokam_cfz', 'f6x.__z', 'mhmth429', 'king.mooosi.10', 'khalaghiat_.ashpazi', 'mojibghaderi', 'i.yas_i', 'chabahar_gardi_ba.omid', 'momtaz.biwas', 'zahed_30.f.z', 'mhmd5287sd', 'khalaghiat.__ashpazi', 'yaser.gam21', 'shoaib.__.askani']"
37,37.0,0.0,djmehran6965,15,18100,7061,15,56664,2131,"['i._zakaria', 'hasel.darkaleh', 'sarfaraz_jadgalll', 'shoeib_darkaleh_cfz', 'eli_.829', 'ranraisi0945', 'edris_baloch1997', 'ejaz_darkaleh', 'mamjan7982', 'sssazaas', 'elyas_barichi', 'javid_darkaleh_cfz', 'mil4d._.shah', 'amir.aminio', 'faraz_130', 'i_heh4__', 'mr.mostafa___7', 'j4v4d_.30.fz', 'un32452', 'abed_9396', 'c_f_z_darkaleh', 'hatim_darkaleh_cfz']"
38,38.0,0.0,r7min_sh7h,6,4136,384,6,7983,2667,"['junaid__db', 'farhad.jadgall', 'azizi._farogh._74', 'habib_.daryaei', 'eli_.829', 'king.yaser1', 'dokht._elnazi', 'farzad_sh4h07', 'parviz_albalushi02', 'sadegh._.baloch', 'mama_rezvan_cfz', 'nabil.jadgall', 'king_0f_askani_x09', 'saeed_darkaleh_cfz', 'sh4h.dorkaleh', 'vahid_balooch1', 'barkat_sh4h', 'r7min_sh7h', 'mr_salmanjan', 'mr._.sajj4d', 'misse.mariy2', 'kaka_.4rmeen', 'zahraybrilliant', 'zahed_30.f.z', 'mosab.___.2832', 'hafeez___mundezi', 'nasrollah_darkaleh_cfz', 'ali.cfz123', 'i.naila_cfz', 'hatim_darkaleh_cfz']"
39,39.0,0.0,4bdollh._.albaloshi,5,545,715,5,491,169,"['8979_armin', 'mohammad_brahuoi', 'l_.neda_.30fz', 'p1_samer4108', 'shahram_m81', 'r7min_sh7h', 'riyaz_darkaleh_cfz', 'sajedeh_mihan', 'farzad_sh4h07', 'parviz_albalushi02', 'amanhosseini20229']"
40,40.0,0.0,shoaib.__.askani,33,11600,3620,24,42109,9733,"['mobinoook.official', 'azizi._farogh._74', '6iirin.__', 'salman_askani1998', 'kaka.rahman_cfz', 'abed._.abroon', 'lal_jan_hoot', 'abdol_rhmanhoot', 'masood.askani5', 'helen._.86_', 'najmeh_.2003', 'parviz_nilagi', 'shahr4m_alon3', 'dokhi_seravniokm', 'askani._.007', 'taha_ghasemzaei', 'khalaghsho.tv7', 'saeed_balooch.vip', 'xy22yx', 'askani9101', 'nayab._6', 'cilip.bartr', '0000___official_', 'eli.princce', 'nazirook.dehdati', 'mar.yamcfz6', 'zahed_30.f.z', 'nawab.noor._', 'vah4eid8', 'i.naila_cfz', 'iamask07', 'hamees_meyadad']"
41,41.0,0.0,its_dipanshu_12,6,238,65,6,485,32,"['i_anujnegi09', 'bu_my_liif', 'mamgianjii', 'pravesh9127', 'reenajoshi520', 'pahadan96', 'a_negi_17_18_', '__kuldeeprawat', 'sumitprasadmamgain', 'sonam_bhandari1', 'k.phadi_girl_']"
42,42.0,0.0,ajay.ajayrawat.5602,82,628,192,24,2859,355,"['ajay.ajayrawat.5602', 'its_k_9500', '__mohitrawat', 'vinay_rana_9180', 'kanchanrana424', 'pahadan96', 'sr.sachin03', 'vivek07panwar', 'itz___bawa__rohit______', '__kuldeeprawat', 'ash_rwt_uk_14', 'rohit_panwar55', 'r_black_lover8', 'himanshu___panwar____045', 'raveena4840', 'anaa_bhai_07', 'himanshu.rawt.106', 'kr_rawat_104', 'goutamsinghrawat.rawat.7', 'kuldeep_rana_13', 'rahul_rawat_uk_07', 'mr____.pahadi_', 'meenarawat944', 'sunilrana_uk13', 'khushi_mamgain.09__phadi_noni_', 'pk_pancham', 'gaurav_rawat_uk13', 'sanu_negi_3346', 'sumit_rawat_uk13', 'kajal_rawat2402', 'aniket.mamgain457', 'sumit.uk13']"
43,43.0,0.0,prospermicheal_fresh,13,602,68,12,1409,146,"['lil_rexxzzy', '9japikin_', 'gabriel_max__', 'eddieaka_official_', 'prospermicheal_fresh', 'ghost_boi699', 'toupoubrake', 'lxnshifuu', 'ree_chard___', 'heismirra', 'dawnangel289', 'mr__rihan__ali', 'sharry506', 'goawaynfindyourself', '3parchi__2020', '_lav.d.01', '_bamidele_seun_', 'fhameking_', 'erika_.jun', 'iam_cima_', '_insta_lover101', 'zephyrzavage', 'oluwarotimi283', 'mignon_kassa_la_star_', 'niffah43']"
44,44.0,0.0,manuella_.xx,6,4321,2305,6,8425,703,"['fashionable_jizil', 'dela___dem', 'i_akweley', 'i.hanaaah', 'kezz_.iah', 'manuella_.xx', 'iam_jarule', 'lowkey.pengg', 'pretty_akua_xx', 'kilodixon17', 'ifycoofficial', 'black_boiqute', 'badman.0g', 'uglymodel_542', 'iam_kaamaofficial', '_annjy_', '1st.magician_', 'tic_boz.88', 'yhaw_ranking1', 'asantewaa__xx', 'ayam_flybowy_kazuka', '_.darkskin.jerry', '_maameserwaa10_', '_yourrr_gurllll._.lie', 'megastone_____', 'mesh2494', 'bhra_skiibii', 'pounds_jnr_', 'be_like_alvin5', 'akosua_.sarf', 'nana__sarfo_', 'angelellissss', 'cool.kev_', 'kei_llah', 'jaytrappy.jt', 'kwekukingz', 'christty.bel', 'kwaku_offset15', 'josephine_.bae', 'dede.irie', 'dearveraa', 'v_roy37', 'richlife_bryan', 'qwesi_trey', 'iam.owuraku', 'maame_.efya', 'gharvenah_styles', 'qwasiblay']"
45,45.0,0.0,be_like_ernesto,19,4618,771,19,10807,804,"['ice.got.ettison', '_p.w.a.l.k.e.r_hhh', 'they.lovejya', 'blackfireboyy', 'poor_mini.ster', 'be_like_ernesto', '_.belovedson', 'walker._vx', 'godiscrying_', '_.caleb963', 'momo_charognard___', '_bright.1', '1st.magician_', 'marcobuccelli89', 'cyber_himself_', 'lostghanaian', 'mr_osei609', 'cregg_taylor', 'prince.courteous', '1real____sterling', 'icetharg_official', 'fake_ghanaian', 'ymc_travis', 'dadies_bee', 'son.of.daniel__', '__el.roy', 'kraniumkebby', '_hoodrich99_', 'mhelife_style', 'og.george._', 'jaytrappy.jt', 'mzjoyekerre', '4ever_nath', 'd_jay_shs', 'andy_morgan19', 'mrr.sugar_xx', '__.otabor', 'investmenthome_ghana', 'real.thomas_', 'kojo___9', 'yvng_.affluent']"
46,46.0,0.0,afyabetty_xx,32,1036,356,24,8053,512,"['costerjnr', 'siscojuniorzigi', 'ser_verine', 'i.hanaaah', 'selorm_21', 'amgpages5', '17th_kidd', 'selasi_eugene', 'kweku.sampah', 'vip_momo_le_motard', 'centuryb0yy.4l', 'mo_outfit_style', 'torinojnr', 'delabraids', '714savio', 'itssarpong', 'theonly.kweku_', 'am_asamoah_crespo', 'hasancakir1712', 'mikepatel20', 'plainnezer', '_ghprince', 'reekie_chardow', 'engelmathias3', 'nattyleeagain', 'mr.owusuboateng', 'rich_slyper']"
47,47.0,0.0,prashantshinde18x,102,8039,3218,24,14289,414,"['_mr_branded_ulhas', 'mohit_singhal_12.9k', 'akhyofficial_', 'rohixxt_', 'lima64oficial', 'surajmomz', 'kiran_hamare1605', '__official_rohan.__', 'prashantshinde18x', 'pawarkavita34', 'll__divyesh__pawar__ll', 'i_am_pranavdate', 'killer_divu_07', 'brighttoutcourt', 'sandesh.mahala2004', '___s.b___6', 'gangoda_jagdish', '052divyansh', 'ejacs_tommy', 'pappoosinghshekhawat', '12345kiranshinde', 'mchawizooo', '_iam__sandy_', 'brandon_royal_jackson', 'nakitendejalea', 'mahla_vishvas_', 'mamu7792', 'babya.gaikwad33.33', 'switest_gal', 'mithun_khandode101', 'dan_vd_music']"
48,48.0,0.0,lina.xex.blogs,9,1008,566,9,3081,135,"['blessing_pips', 'stiwado_12', 'trap_cyruz', '__.showboi_', 'rnkmoro_', 'her._boyfrend', 'don.flash.904', '1.realmayor', 'believe_akito', 'mrr_snipez', 'elvis_appiah01', 'yaa.kivi', '_scott_lil', 'kwesimusiq__', 'hiaustin_', 'kojo_lifstyle', 'danceghame']"
49,49.0,0.0,smarterkills,7,6689,5583,7,5108,70,"['mushmorry', 'rvssian_ug', 'soshii_mkuu', 'kyles_madida', 'whiteboy8346', 'its_yoew', 'supah_d_dupah', '___african_grapher', 'x_xluizx_x', 'rance345', 'iss_kimberlly', 'msrexti', 'evanniekay', 'agweo_central_niccur', 'bball.jack241', '_tharift', 'famanih', 'lyricalminion', 'braydens.insta', 'tupical_niccur', 'me.lodyk', 'de_girlzz_closet', 'aleqohthedon', 'xxfatih24', 'd.ahil.b_01', 'konanani_jessica', 'martin_karega']"
50,50.0,0.0,_ben_wavy_,4,1007,582,4,559,48,"['dela___dem', 'am_ayo_wiz_', 'nehemie_le_waver', '_.theboydoingthings', 'moore_chilling_', 'davon_bankz', 'qwasiblay', 'crushy_diamond', 'iamedgeofficial_', 'mr_kufour', 'graceavery_heather_', '360_takeoff', '_captain_baby', 'jeanskid3', 'emmanuel__emzy', 'xalil_threesixty', 'nanaba_selfy.p', 'miami_idoll', 'uniabujafinest', 'life_of_sillyboi_', 'he_is_lawrence', 'bah_liliane', 'nattyleeagain', 'alex___g.fx', 'char.lyray', 'csg_promotions', '66l0rd_b0y']"
51,51.0,0.0,iam_azam_ug,5,2041,2989,5,312,43,"['iam_azam_ug', 'ghettohrapper']"
52,52.0,0.0,billygramm_,8,15200,1107,8,16937,896,"['bel_inda.adu', 'odamegram2', 'iycon__', 'mister_ops_', 'otngreatness', '_.feli_ciity', 'nana_akosuahh', 'hairy_cutie_', 'prospermicheal_fresh', 'mhyzz_toyish', 'oa_speechlezz', 'kwesibad97', 'a.m.g_one', 'a_different_eazi', '_ghanaian_doll', 'dej_84', 'ifoodsgh', 'muhia_11', '1_innocent_bitch', 'adiovincentia7', 'badd.moon_', 'khofygenesis', 'eunicefianko1', '_abby._xx', '__kasahare__', 'qwame_007', '_wiredu', '_bervie', 'lowkey33_10', 'kwaw_.lee', 'princede.wiser', 'lokes_____', 'melanin_yaa', 'tikky_money', 'gal_lyk_efya', 'kissiwah__', 'jhon_marsh09', '___deli_xx', 'derrick_o9', 'jimi_dizz13', 'embakasi_kingpin', 'billygramm_', 'itsdenohmras', 'almighty_alcena', 'xx_cute_rahul_143_xx', 'haster_finess']"
53,53.0,0.0,yaa_grace_,4,519,375,4,235,17,"['governor_007', 'qwasiblay', 'nanaagyei.sikapa12', 'bridget.sancher', 'seth_mensah_agyapong']"
54,54.0,0.0,officialkirshna97,31,80,139,24,140,4,"['officialkirshna97', 'kamlaprajapati6']"
55,55.0,0.0,rahulshah_______,350,151000,339,24,91029,12355,"['abhinavyadav_03', 'bharat_gagan_editor', 'iamsrk.786', 'patel.__arun', 'ykvora', 'mr_parmar_9710', 'backbencher_013_', 'killer__b_o_y__santosh__2k', 'fuck__of__heaters_', 'editor___4u', 'ahsan.jack.54', 'sunil_ninama_1789', 'aditya__raj_01', 'amar_jeet_sahani_', 'dk_kartikdobariya_0801', 'its_.ryuga', 'roshan.1412', 'll_akhil_3940_ll', 'i_hardik_jethva', 'ranjeet_royal_awadh_07', 'i_am_sahil____786', 'rahullll_zz']"
56,56.0,0.0,edit_cute_girl,9,382,51,9,2973,164,"['_my._.k.i.n.g._', 'mr_i_s_l_a_m_04', 'the_badshah00967', 'xtylish___karan', 'shivamsurya53', 'op_sohrab11', 'lovealone329', 'kewatsomnath']"
57,57.0,0.0,ahilhussain_,463,1528,396,24,2974,285,"['amaneditz_786', 'karanchauhan8189', 'mr__khan_editz', 'dp_editz77', 'zac.tanwar', 'itz_sumit_6x', 'karannn025', 'ranjeetgupta281', 'shahid_sheck08', 'aditya___143k', 'vishuu_x11', 'sohil_editz1']"
58,58.0,0.0,prinshu_kashyap123,66,195,29,24,458,26,[]
59,59.0,0.0,triptipatre02,48,1272,127,24,2450,156,"['bhupesh_sahu_1226', '_radhika_5206', 'anshu__patre___', 'ashubmandavi', '_____rupendra_patre_official__', 'likesh_gandharv', 'yadu401', 'moon_is_alone__0205', 'nandsahu8gmail.cim', 'mad_for_aakash_ahuja']"
60,60.0,0.0,rkeditorzone,108,315,36,24,565,37,"['abhijotmaan763', 'rachu2838', 'avik.a6585', 'rahulshah_______']"
61,61.0,0.0,rahul_r2__,54,2950,644,24,7181,461,"['minnu5588', 'chhotin26', 'raju_kashyap0761', '_btw_its_pooja_', 'official__akash__xx', 'rahul_r2__', 'mr_musharraf007', 'nehausendi87', 'harshvardhan_4_20', 'roshangoswami_07', 'sing_pawan__00__', 'king_____tha', 'sweete_____________', 'manish_sahu1997', 'mukesh_dada_777', '__official___sky_76']"
62,62.0,0.0,rikk.786920,26,842,180,24,1518,26,['roshangoswami_07']
63,63.0,0.0,__priyansh___24,70,1856,255,24,3269,719,"['official_yash029', 'hy_r_a_m____28_', 'adarsh_gadpayle_', 'anas_classy__', 'garima__madhariya', 'ayan_khan5487_0003', 'mrr__raaj', '__vaishali_sahu_29', 'mr._lr_2000', 'satya_ratn_c2', 'devanshugolchha', 'daksh_dewangan', 'mayank8300', '__haarsh__10', '__jaxnii.___', 'mc_labz_', 'himansh.09', '_jay_chandrawanshi', 'vishuajmani', '___kiran___k27', '_stylish_boy_24', '__its__harshit', '__manish.7', 'mr.sahilyadav1525']"
64,64.0,0.0,rohitni872_rn_editing,323,1972,197,24,4569,2567,"['_pb_x_11_editz_', 'mohammed_hasan__8', 'mobile_editor_2020', 'vansh_editzs_', 'vr._.318', 'sz_qazi07', 'amaneditz_786', 'dp_editz77', 'surya_editz1', 'smart_suresh_editz', 'raju___editz', 'tomar.js.24', '_shubham_editz_07', 'rohit_edits_creative', 'akashpushpad_', 'vansh.gupta_03', 'iqrar_editz_official', 'suneel_saxena_editz', 'itz_abhay_creation_', 'vishvrajcreation', 'geeshedage_1m', 'hardev_editz', 'sujal_sahu_editography', 'imteaj_editz', 'artist._abhii', 'shivadasnishad', 'rahulnishad2734', 'pixel_work.8', 'ansheditz143', 'luckyeditz_']"
65,65.0,0.0,mr.sahilyadav1525,31,483,222,24,2401,239,"['itz_shayari_lover_dk', 'raj._kamal_yadav', 'amitabhhh.dubey_', 'mr.yadu25', 'karanyadav4549', 'chandraprakash0530', 'vinay_hirwani', 'md_wedding_photography', 'priyal_kawde']"
66,0.0,,ckstmznf,5,135,305,5,176,15,"['patilitaq', '_string._.ju_', 'kim_.burn', 'masonlys2', '1._.silo', 'leesouool', 'junsang_97', 'chamchi_0809', 'zxx__wise', 'ckstmznf']"
67,0.0,,_string._.ju_,8,123,140,8,194,6,['_ji._.in']
68,0.0,,kim_.burn,15,111,183,15,168,3,[]
69,0.0,,junsang_97,8,172,145,8,1439,27,"['nonfry_shyaneul', 'gjuu__', 'tony_sung_ch', 'walk_the_chiken', 'hewsdf5', 'thanan_rucksakulchote_', 'giove_hun', 'incastleee', 'yunsoo0614', 'inhychoi']"
70,0.0,,chamchi_0809,16,155,202,16,768,43,"['dboyonclover', 'jaehuggiesmagickpanty', 'jeyoun_00', 'luminare_31']"
71,0.0,,zxx__wise,7,339,553,7,370,28,['masonlys2']
72,0.0,,tony_sung_ch,120,728,1885,24,3456,101,"['conor.neumann', 'leviyoyos', 'jaieulnzy', '_cupmen', 'masonlca', 'sang_woo_yoyoer', 'lee_hakje', 'returntopsbr', 'cedr7c']"
73,0.0,,walk_the_chiken,8,291,606,8,3092,168,"['dasantii', '_lejacky', 'winjamen', 'xxrdnei', 'bf_throws', 'thebrandonvu', 'caoshua1', 'yochimura44', 'm.p.f_360', 'mvcwell', 'thanan_rucksakulchote_', 'davidyoyos', 'remybaskin', 'mazal_top_yoyos', 'ppolor', 'sang_woo_yoyoer', 'danyllo_barbiero', 'pho.kobe', 'kymyoyoer', 'jonathanstggg', 'asian_rice_bowl14', 'leviyoyos', 'ge4yo', 'miki0823_5a', 'jeremy.k.liang', 'cedr7c', 'ng.thekhoi', 'mikemonty', 'i_swizzle', 'geraldcarboneau']"
74,0.0,,thanan_rucksakulchote_,398,946,1589,24,6625,383,"['joseph.e.w', 'daevenneeve', 'nonfry_shyaneul', 'diana.drawss', 'walk_the_chiken', 'rvyyan.am', 'omaroqail', 'marchesingapore', 'danyllo_barbiero', 'sang_woo_yoyoer', 'jeremy.k.liang', 'jyan.yoyo', 'zencefil_anne_yemekleri', 'jay_yupjae', 'youngster_teoweihongbryan72', 'khent.yo', 'cedr7c']"
75,0.0,,giove_hun,5,144,175,5,202,13,"['dangdang__g', 'c_student_zeff', 'dxnxyxxn', 'use.jooon', 'strul0409', 'hyeongju_byeon']"
76,0.0,,jeyoun_00,14,110,87,14,1086,32,"['s_hyun3945', 'ux._.jin', 'soyeon_006']"
77,0.0,,luminare_31,5,43,70,5,87,5,"['luminare_31', 'minseo8815', 'cuzbriwantsto', 'c_luu_s2']"
78,0.0,,leviyoyos,28,718,338,24,9194,438,"['dane__flips', '_drewjacobs', 'passionpod', 'cedr7c', 'west__2w', 'gronaldgreagan', 'sang_woo_yoyoer', 'yoyo_mpm', 'jools_bosman', 'tim.tdi', 'hughphan_', 'altkm', 'et_joseph6.7', 'ty_usesyoyoswithnostring', 'emmamaele', 'alex_wikileaks', 'tenn._ey', 'j.tacky']"
79,0.0,,_cupmen,23,426,394,23,547,25,['aliclarkia']
80,0.0,,sang_woo_yoyoer,197,1352,1935,24,10171,469,"['lofiyoyo', 'weirong_1a', 'dancingyoyoman', 'nova_throws', 'norosebo', 'mainllr', 'hemersonflores', 'bel.letsgo', 'senterpaul', 'mazal_top_yoyos', 'danyllo_barbiero', 'iwasthebruce', 'youngster_teoweihongbryan72', 'asian_rice_bowl14', 'tobywalpole', 'djinni_cake', 'mishyoyomama', 'ed.yoyo_2.0', 'hesperaux', 'rafaelyuuri', 'ef.n.yyws', 'hootsshouse9767', 'justindaueryoyos', 'caganyilm', 'aceyo_michaell', 'salamifrank67', 'letsloiter']"
81,0.0,,lee_hakje,18,744,461,18,20527,269,"['chiragverma_yoyoer', 'richrd_yng', '_lejacky', 'yyyllib', 'throwtrue', 'ricardomarechall', 'kkxu122', 'na_zihnn', 'jaieulnzy', 'maisonseowon', 'yotoyimages', 'colinbeckford', 'hankwanghee__', 'yoyofactoryaldrin', 'thanan_rucksakulchote_', 'remybaskin', 'tobyschneider', 'khentgaid', 'sang_woo_yoyoer', 'aidanyoyos', 'giulianodondon', 'mattheww_217', 'gugoncio', 'gjuu__', 'ge4yo', 'jaysen_yoyo', 'jeremy.k.liang', 'yoyosonly', 'zafranzaba', 'jan_matocha', 'cedr7c', 'imfilip321', 'mowlhayato', 'ng.thekhoi', 'yoyo_newbie12345a', 'walk_the_chiken', 'tony_sung_ch', 'geraldcarboneau', 'nuqget', 'frva.lo', 'shuuuyun']"
82,0.0,,returntopsbr,131,375,486,24,2322,121,"['m_s_barker', 'threadkeeper']"
83,0.0,,dasantii,155,700,604,24,5878,204,"['alloutbalanzi', 'minter.delegates', 'realbr0wnboi', 'iamemiliod', 'maximshoots', 'aaron_four_one_five', 'fistsalud', 'xeat7', 'slowmotron', 'l.warren19', 'machitako', 'sam.rips_', 'shinoppy_setsubi']"
84,0.0,,winjamen,19,428,535,19,7298,92,"['fullmetalyoyo', 'philmaher1', 'dagu5595', 'xxrdnei', 'unsettledjello', 'sang_woo_yoyoer', 'aidanyoyos', 'spideyyoyo', 'bf_throws', 'adam.jp.bon', 'lyn_gunthorpe', 'purepeaceyoga', 'yotoyimages', 'eos_x_44', 'havencandles_']"
85,0.0,,bf_throws,401,1026,1507,24,4098,138,"['florademons', 'editionyoyo', 'aditya.v.kodmur', 'notforkids.toys', 'big_yo_thrower', 'bf_throws', 'slowmotron', 'god_and_yoyo']"
86,0.0,,thebrandonvu,843,14600,760,24,16152,525,"['lordofalltrades22', 'coltsyoyolife18', 'amirreza_moshfeghi', 'amanwithnosanity', 'leitopollo', 'wanggao311', 'goldberg_511', 'sebastianyoyoing', '_levi_steber_', 'joshsimstrength', 'yiqunboey', 'fthak__', 'aidan.bartlett.and.associates', 'willz0rz', 'real.stone.awsomenezz', 'thanan_rucksakulchote_', 'ethen_young3', 'achurch86guitar', 'masamunestricks', 'youngster_teoweihongbryan72', 'whatanaya', 'iam_omer', 'spaceyrat_jae', 'cannibal.throws', '_memeyoyo_', 'joeywittmer', 'jeffreypang911', 'han_the_yoyo_guy2000', 'cedr7c', 'asahi.ryuga', 'yoyofactory_julian', 'emiliolukito46', 'i_swizzle', 'zeke_lestrange', 'sterbn666']"
87,0.0,,caoshua1,8,122,135,8,3028,46,"['jonathanstggg', 'nothingbutdensityandtech', 'walk_the_chiken', 'vonov_a', 'tobyschneider', 'billlionner', 'iscyoyo', 'tugou____', 'ppolor', 'dnellh', 'caoshua1', '_ch___en', 'cedr7c', 'matyas.racek']"
88,0.0,,yochimura44,273,623,794,24,1599,116,"['yoyoplayer_otokoume', 'kashi3kame3', 'raincity_jordan', 'sakatuca', 'knock_next_door2019', 'sang_woo_yoyoer']"
89,0.0,,m.p.f_360,23,185,210,23,5032,157,"['slaman.x', 'lilixsx8', 'mo_yoyow']"
90,0.0,,davidyoyos,59,888,1280,24,3889,227,"['wildathart_', 'khentgaid', 'sang_woo_yoyoer', 'nova_throws', 'dexterntilly', 'janetnbuddy', 'mattimusprime6', 'budpuch']"
91,0.0,,mazal_top_yoyos,529,920,2717,24,2025,49,['texas.community_']
92,0.0,,danyllo_barbiero,886,1412,1305,24,1705,109,"['hesperaux', 'yoyo_nath0', 'pauloopac', 'stringbeanaj13']"
93,0.0,,pho.kobe,182,440,370,24,2104,156,"['walk_the_chiken', 'aln.vivien', 'aleeza.arefeen', 'jesssica_y', 'jumchuu']"
94,0.0,,jonathanstggg,32,3884,1621,24,21698,511,"['andergabe_44', 'hiroki_yoyo', 'yoyo.dealer', 'kuubaa_', 'na_zihnn', 'arif_dhanang', 'jaieulnzy', 'maulanaimn', 'caoshua1', 'ohdaleo', 'pemdayoyos', 'chrizwan572', 'isaacv213', 'antlukban', 'ahmadkharisma_', 'seoblesse__', 'apricothny', 'yoyofactoryaldrin', 'kdquiet', 'angel2up', 'iscyoyo', 'jyan.yoyo', 'kevinrobertsroberts', 'chrisjwelly', '_zhenyang_', 'gavin_wowhillde', 'falahiat', 'huma.dama', 'collinellingson', 'jonathanstggg', 'jadoublep', 'noah_ghosh', '_chop_stix', 'jeremy.k.liang', 'geqiu0406', 'kyzizan', 'krystofnosek', 'blaise_becker', 'wav6', 'ng.thekhoi', 'richieluvsyoyos', 'walk_the_chiken', 'nosoup44you', 'thachnguyen21', 'jckpth', 'tal.mordoch', 'jonnygarbanzo', 'drnoswal', 'jonathanarvinhadelie', 'aridnavleez', 'fajardian09']"
95,0.0,,asian_rice_bowl14,4,402,299,4,1620,61,"['nat.lcc', 'hunter_yoyo', 'leo.c28', 'julie.m888', 'yoana_lz1', 'yoyovietnam', 'yoyofactoryaldrin', 'thanan_rucksakulchote_', 'khentgaid', 'sang_woo_yoyoer', 'aidanyoyos', 'ppolor', 'vkngzz_', 'imnothermit', 'jaz_b2006spam', 'diegocr.4', '2_roteux_', 'm4t.3w', '___chit___', 'whereiskabir']"
96,0.0,,mikemonty,274,4307,1282,24,5015,139,"['ziplinestrings', 'lordofalltrades22', 'andy.blaize', 'senterpaul', 'sakatuca', 'john_briseno_', 'pumuckl._', 'r3stless', 'cuauhtemocer', 'nikomarios1', 'eos_x_44']"
97,0.0,,i_swizzle,29,1060,2108,24,13133,475,"['richrd_yng', 'docpop', 'tenn._ey', 'yotoyimages', 'yochimura44', 'st33zyb_710', 'dope_momlife', 'sang_woo_yoyoer', 'jyan.yoyo', 'throwersgallery', 'xianxiejiang1', 'guy_with_a_yoyo', 'ishima.moura', 'hverdagen96', 'kev47th_', 'samwiize', 'giggleglands', 'blaise_becker', 'cedr7c', 'yoyojamben', 'richieluvsyoyos', 'rajones19', 'ggmarkd', 'wildredpath', 'billlionner', 'yobraydon', 'messymesler']"
98,0.0,,daevenneeve,32,1358,1890,24,5538,296,"['christianbonardo', 'jovitaflo', 'elvidsonkang', 'sverca17', 'stefannykon', 'milityamk', 'maulanaimn', 'jamesgalvin19', 'valesiachristie', 'michelinfidelis', 'heriyantosaputra', 'willy_wangg', 'altheakf', 'billychristopher_', 'bryan_jioe', 'octawilliam9', 'edwardhalimm', 'flexi.gt', 'fannyenchristie', 'vincents_l']"
99,0.0,,diana.drawss,24,130000,2,24,342504,7910,"['peyt1010', 'ant_has_art', 'namy7.7', 'movilshop.sincelejo', 'swag.miau_u', 'diofilmz', 'qwrregs', 'adam_.ne', 'op_bro__harsh', 'kingartflow', 'sourik__maitra__', 'wynand.cronje201108', 'dbsclubzz', 'fabiofanart43', 'ice__of_fire', 'im_notmidas', 'kaays.podcasthoe', 'dagondatruth', 'bleach.songs2', 'isvylamp', 'yensy_marquez', 's7_qxi', 'coolest_zaiyazuu', 'andy_it2me', 'kaisermarestyrth', 'sagaro_lucas_michael', 'alicecosta6419', 'majin_umbreon', 'hiddenleafig', 'x_unicorn_art_x', 'salaban.aep', 'mypostershopp', 'am.i.tsukishima.kei', 'valdenir_9807', 'mu1l3r2017', '_loid._forger_', 'justgautamkumar', 'memer_69anime', 'emily101193', 'blackbirdgames3', 'eradicatedking', 'y7p.edit', 'eyes.like.sinking.ships', 'litloxmedia', 'indi.manga', 'kasm_dtb']"
100,0.0,,omaroqail,355,1405,1405,24,5660,139,"['soliman1711', 'm.p.f_360', 'omarelmansoub', 'kvn_wlf', 'sang_woo_yoyoer', 'grendelprime', 'mo_yoyow', 'mohammed.rafat.12']"
101,0.0,,marchesingapore,661,4713,111,24,3174,30,[]
102,0.0,,jyan.yoyo,7,434,542,7,2680,128,"['dasantii', 'richrd_yng', 'yyyllib', 'na_zihnn', 'altkm', 'yotoyimages', 'colinbeckford', 'editionyoyo', 'daevenneeve', 'yoyofactoryaldrin', 'thanan_rucksakulchote_', 'khentgaid', 'zackfinch', 'jyan.yoyo', 'sang_woo_yoyoer', 'brettnemeroff', 'aidanyoyos', 'ppolor', 'mnmlmoon_xyn', 'dressel_designs', 'mattheww_217', 'jonathanstggg', 'gjuu__', 'zapruder.mkv', 'jaysen_yoyo', 'thatoneyoyogirl', 'sm8million', 'cedr7c', 'leos_44', 'nothingbutdensityandtech', 'walk_the_chiken', 'parkjeminnn', 'inhychoi', 'aridnavleez', 'themoosekhan44']"
103,0.0,,zencefil_anne_yemekleri,100,284,128,24,601,41,[]
104,0.0,,jay_yupjae,9,439,420,9,2287,31,"['nonfry_shyaneul', 'jihoo_5a', 'kittystringyoyo', 'leejaekyu0406', 'yura_cute_', 'sttefany_salas', 'kymyoyoer', 'catania.gina']"
105,0.0,,youngster_teoweihongbryan72,372,506,503,24,1785,68,"['thanan_rucksakulchote_', 'sang_woo_yoyoer', 'yotoyimages', 'cedr7c', 'kittystringyoyo']"
106,0.0,,khent.yo,6,646,704,6,826,82,"['yyyllib', 'thesisyoyos', 'nova_throws', 'editionyoyo', 'mihaimarcu66', 'yoyoingisfun', 'dash_chrisner', 'thanan_rucksakulchote_', 'chaosgow', 'davidyoyos', 'flowm00re', 'sang_woo_yoyoer', 'aidanyoyos', 'slowmotron', 'iwasthebruce', 'dressel_designs', 'throwersgallery', 'jonathanstggg', 'jadoublep', 'ryantgee', 'cannibal.throws', 'maximshoots', 'antoinec_213', 'kev47th_', 'shvmbrry', '44jbly', 'theevenstevens', 'cedr7c', 'rageharvest_44', 'lydia0pineau0', 'dpiix', 'karl_mergillefit', 'aksrm_', 'avery.gingie', 'subtomy.yonlyfans', 'truecadm', 'kevin.murphy10', 'yobraydon', 'yoyo_garden', 'themoosekhan44']"
107,0.0,,c_student_zeff,523,235,217,24,484,12,[]
108,0.0,,cuzbriwantsto,36,281,304,24,1228,33,"['c_luu_s2', 'jypark_uhoduk333', 'minshookgah_fanarts', 'mijeen_iamwise', 'minshookgah']"
109,0.0,,dane__flips,31,236,460,24,8058,373,"['bernie.barnhardt', 'matt_brockberg', 'gordy_harris', 'kaatya.modl', 'masonjkinsella', 'fullsend_hagen', 'noodleman_77', 'aydendowning', 'sarah.flipss', 'angie_engstrom', 'alex.eckes', 'leviticus.dw']"
110,0.0,,passionpod,197,14200,5886,24,10313,1122,"['unique_mindset_808', 'cjbcartoons', 'suequi3_art', 'passionboardshop', 'lil.evelyn', 'williams_cue_banks_', 'thisliddlebeepbeep', 'prince.prodigal', 'the_story_of_me_old_jones', 'nikitaq122r', 'the_melodyking006', 'k_lopau', 'kyleespanel', 'maika_maher', 'freehand_trash', 'calliesmiscellaneous', 'salman.galavand', 'bonnyaf', 'wicked.garden', 'passionpod', 'badgesupport2017', 'milisamas', 'kyrigo', 'stickermule']"
111,0.0,,west__2w,248,4586,238,24,106313,800,"['stuart_mitchem', 'vetnovice', 'alvah_dieterich', 'logan_polley', 'evannagao', 'raynheartsinambela', 'korkmaz.ata', 'thebrandonvu', 'god_and_yoyo', 'rodrigo2splashy', 'yotoyimages', 'countryboy_westin', 'mr.khalilofficial']"
112,0.0,,hughphan_,4,574,512,4,2569,57,"['le_lonard', 'megalodong_', 'j_m_waugh', 'yotoyimages', 'yochimura44', 'maur_us', 'mrtofu220', 'sang_woo_yoyoer', 'yoyodrew22', 'bestyoyotricksdaily', 'victorianyoyos', 'leviyoyos', 'jeremy.k.liang', 'ch4rlizee_', 'luiz_is.stillakid', 'cedr7c', 'chloech.n', 'eternalthrow', 'shixiong555', '589.benh', 'hoodwick007', 'eshd.mk1']"
113,0.0,,altkm,370,1335,1214,24,5098,223,"['dapuffinmc', 'angel2up', 'spaceyrat_jae', 'obsessednephophile', 'zomocraft', 'ilinx_toys', 'spincoalition', 'jwyoyo']"
114,0.0,,ty_usesyoyoswithnostring,704,786,516,24,3556,99,"['_nastasio__', 'lathedbackdesign', 'squishy_squoosh_420', '__delisse__', 'jasmine.r.71', 'niko.niko.sensei.education', 'ferx_nandex', 'kristiana58008', 'shortonave', 'ay_oost_ulan_amk', 'ensoyoyo', 'tsuki_arts73', 'prodrops', 'baobao5558', 'tazzy.198']"
115,0.0,,emmamaele,6,863,760,6,1371,104,"['alyssa.kopacz', 'zwickewj05', 'okelly.paige18', 'kierstyn.kindschy', 'kennedykorger', 'addisonengstrom', 'colbyblakechris9', 'laylaaajohnson', 'paytons.123', 'ewright_11', 'breanna.aguillard', 'olivia_10g', 'allieanderson15', 'anna_shakal']"
116,0.0,,lofiyoyo,47,559,433,24,5009,231,"['mikemonty', 'feetheacker3', 'drx.hoop', 'sang_woo_yoyoer', 'slowmotron', 'equalality', 'lena_confusionaria']"
117,0.0,,weirong_1a,8,102,205,8,387,16,"['sang_woo_yoyoer', '_h.tan_']"
118,0.0,,dancingyoyoman,67,164,181,24,690,40,"['mishyoyomama', 'ethanator_95']"
119,0.0,,nova_throws,15,132,243,15,582,26,"['editionyoyo', 'lydia0pineau0', 'cannibal.throws', 'opyoyos', 'khent.yo']"
120,0.0,,norosebo,23,62,167,23,285,10,"['sang_woo_yoyoer', 'bf_throws']"
121,0.0,,mainllr,177,474,610,24,718,78,"['the_beyswapper', 'mainllr', 'transformers_prime_addict', 'divyansh_chauhan14']"
122,0.0,,hemersonflores,88,610,1260,24,5632,111,"['lavi.sh1844', 'spencerreynen', 'nickalfaro', 'mishyoyomama', 'mrlott942', 'laurannrobinson', 'c0dy1down5up', 'yotoyimages', 'deathwish_thehumblesilverback_']"
123,0.0,,bel.letsgo,8,172,1093,8,416,14,"['sang_woo_yoyoer', 'love.808_', 'xxrdnei', 'arionenabors']"
124,0.0,,senterpaul,213,730,690,24,5274,179,"['mikemonty', 'chenfamilygongfu', 'leeroy002', 'nick.macarty', 'johnspartan1986', 'just_a.ride_club', 'caracasflat', 'albisix', 'steven.baran']"
125,0.0,,iwasthebruce,366,516,906,24,2026,49,"['ro.florezz', 'jakeaustinyoyo', 'devonplayswithyoyos', 'docpop']"
126,0.0,,djinni_cake,37,227,525,24,787,71,"['atmos.projects', 'ef.n.yoyo', 'sang_woo_yoyoer', 'zakk.yyws']"
127,0.0,,mishyoyomama,727,1404,2211,24,7415,352,"['lofiyoyo', 'spmlundertheoaks', 'cindye_azmom', 'mikekaz57', 'ziplinestrings', 'dbldtop', 'nadeautracey', 'angel2up', 'stayam.alex', 'dorinajean', 'jillieflower27', 'osostiajax', 'ashleeychi', 'metalboy5150', 'bahareh.kh.8', 'susanctruman', 'whoskuyaben', 'decker.nick', 'ping_boy2005', 'dwellmadly', 'hayderkawaz', 'scottgarrabrant', 'ef.n.yyws', 'jordiilifts']"
128,0.0,,ed.yoyo_2.0,61,164,335,24,1720,25,[]
129,0.0,,ef.n.yyws,25,174,108,24,3336,175,"['jesussalvdr', 'mr.fire.n.ice', 'kendama_withdrawals', 'hesperaux', 'steve.chavez.33483', 'keepit500fiat', 'mywoodsy', 'm.i.214']"
130,0.0,,justindaueryoyos,784,3343,1940,24,12357,285,"['thebrandonvu', 'the.yoyo.man', 'badinternetguy', 'ziplinestrings', 'pemdayoyos', 'sang_woo_yoyoer', 'yoyo_mpm', '_danielholly', '___makaio___', 'felix.wgm', 'sean.yoyos', 'williamcalebe', 'wyatt.gadd', 'eightycrows', 'tuckhays', 'eric.torres.ig', 'lookatmythingss', 'cheddar_562', 'sierranevadaphotography', 'stephencaplanis', 'richieluvsyoyos', 'ezequielalejandro1122', 'dpiix', 'colin._.ch', 'justindaueryoyos', 'themoosekhan44', 'matthew_klee1', 'kushstofferson']"
131,0.0,,aceyo_michaell,15,439,623,15,5748,132,"['david_gravid', 'maur_us', 'kappapa_ryoppapa', 'dpiix', 'ajdan._', 'neatpeat', 'ge4yo', 'mohamed.mostafa881', 'sang_woo_yoyoer', 'bf_throws', 'megalodong_', 'sleepless.nights.official', 'krystof_maglia', 'cedr7c']"
132,0.0,,letsloiter,60,533,989,24,2974,92,"['yoyochimaru1a', '_flovvarren_', 'donthugmeimscared_666', 'itz_rensv', 'alvah_dieterich', 'hcompton16', 'umnoidsk8co', 'metal.coat']"
133,0.0,,chiragverma_yoyoer,48,224,385,24,2002,109,"['praveenpal3259', 'deepankar19960', 'its_kush_verma', 'indian.yoyoer', 'vinodkumar.tiwari.560', 'kiran.kapoor.524']"
134,0.0,,richrd_yng,35,303,385,24,3096,77,"['jyan.yoyo', 'thanan_rucksakulchote_', 'jared_bunzzz', 'robin_yoyo_']"
135,0.0,,throwtrue,258,6525,3254,24,9561,165,"['ash_to_a_t', 'tennessee_petre', 'haya000501', 'theohyesyo', 'fuzzjunky', 'throwtrue', 'thickwisdom_yoyo', 'lewk.lewk', 'niglisang', 'yotoyimages', 'returntopsbr']"
136,0.0,,ricardomarechall,166,2135,5540,24,1736,147,"['_andre_magno10', 'dougkrol', 'silene_vendramel', 'lubarbosa90', 'ericaparede', 'camileoliveira_04', 'lardacalopsita', 'cf2v_', 'personalsergiopereira', 'mg.amaro', 'barbarabrum.personal', 'leoacademialopes', 'raphaela_castroo', 'rosasramon_']"
137,0.0,,kkxu122,382,2866,1395,24,8182,131,"['a.few.moments.of.mine', 'walk_the_chiken', 'tony_miaow', 'backkkk_0710', 'cedr7c']"
138,0.0,,yotoyimages,2232,5305,67,24,4135,73,[]
139,0.0,,colinbeckford,8,5307,1563,8,7516,313,"['c3plusme', 'leviticus.dw', 'abel_feher', 'adamjawn', 'musingmagic', 'zy08.m', 'ziplinestrings', 'm.p.f_360', 'evelynn_ouellette', 'kdquiet', 'b.r.i.a.n.w.u', 'remybaskin', 'zackfinch', 'iscyoyo', 'ty_yo12', 'sang_woo_yoyoer', 'dnellh', 'clintarmstrong', 'kkwin44', 'jonathanstggg', 'cmikulin', 'logan31799', 'magl33to', 'jeremy.k.liang', 'drewbuscemi', 'ryanshannnn', 'yoyosonly', 'krystofnosek', 'cedr7c', 'owenhearns', 'chandlersteele_', 'christinenizza', 'yolek_1a', 'mark.j.montoya', 'dillonkermani', 'aronbendet', 'simon.dubischar', 'moustafa.seoudy', 'aliyahtan64']"
140,0.0,,hankwanghee__,15,296,424,15,882,50,"['ssamjiemunk', 'hankwanghee__', 'j._.ung1229']"
141,0.0,,yoyofactoryaldrin,17,916,510,17,17690,239,"['yyyllib', 'hkyoyowing', 'naufall_dzakii', 'tenebrvs_flux', 'ayasser4433', 'shimek._', 'angel2up', 'thanan_rucksakulchote_', 'ot_qqq', 'sang_woo_yoyoer', 'itz_urgurlllll', 'nikmoskalets', 'yoyofactoryeric', 'youngster_teoweihongbryan72', 'guy_with_a_yoyo', 'asian_rice_bowl14', 'jeremy.k.liang', 'pan_liao233', 'estancodeguardia', 'han_the_yoyo_guy2000', 'krystofnosek', 'cedr7c', 'jo3no', 'not_your_normal_type', 'richieluvsyoyos', 'hey44.hk', 'parkjeminnn', 'west__2w', 'i_swizzle', 'creativedimension_yt', '24newshoes']"
142,0.0,,mattheww_217,14,64,59,14,1206,29,"['muzain_yyf', 'guy_with_a_yoyo', 'ng.thekhoi', 'thesisyoyos', 'gabrielopaf', 'khentgaid', 'iscyoyo', 'eastercowgirl1212', 'jyan.yoyo', 'khent.yo']"
143,0.0,,gugoncio,84,11700,2778,24,14078,404,"['_abstractyoyo', 'flavia.amaral.44', 'joaogabrielsantiagoo', 'thyaguinho.andrade', '_penha58', 'caioaguiarm', 'monicamsantos8', 'joycejayluna', 'medeiros.teologia', 'altkm', 'maylabarreto', '44.bmp', 'verdevioleta9', 'tara_acro_japan', 'hideki_dsy', 'danncammara_', 'pontesgonzaga', 'talita.vs', 'aithala', 'lar_designer', 'jfmelo_', 'daniifins', 'robertrodrigues3', 'lubarbosa90', 'chicoresende', 'danmendesbatata', 'bru_priego', 'annibalfernandes', 'relopes16', 'acastilio', 'jotarjtattoo', 'rosimerechamarelli', 'renatosoaresj', 'susu.rreal', 'hugoferreira25', 'leleticiaferreira', 'raphabomba', 'simpliciorenan', 'quentinyoyo', 'martinsthay', 'jhonnymendes08', 'pedrogef', 'ryanc29', 'loohd']"
144,0.0,,yoyosonly,329,3448,644,24,44224,642,"['kelteckeem', 'marriedtong', 'yoyopalace', 'ejednarvaez', 'mkprda', 'yoyoist', 'themoosekhan44', 'izuruhasumi_yyf', 'pey10.bog', 'hkyoyowing', 'na_zihnn', 'yuu_sol_777', 'r.iffs', 'ohdaleo', 'yochimura44', 'ahmadkharisma_', 'seoblesse__', 'yung.toss', 'stayam.alex', 'thanan_rucksakulchote_', 'ayoyoaccount', 'aelizakim', 'aidanyoyos', 'ppolor', 'dnellh', 'titifreak', 'pixar_up9', '44_onigiri', 'bird.mp3', 'thereefchief', 'eric.barkley.7', 'jonathanstggg', 'robin_yoyo_', 'lee_hakje', 'grays.ocean', 'blaise_becker', 'cedr7c', 'yokoo_44', 'yo.co.nnor', 'liyulin___', 'nothingbutdensityandtech', 'jckpth', 'inhychoi', 'scayanite', 'aliyahtan64']"
145,0.0,,yoyo_newbie12345a,24,27,146,24,525,13,"['thickwisdom_yoyo', 'seongqls']"
146,0.0,,nuqget,4,792,892,4,527,48,"['santodiskeinfluencesbasicote', 'emilioriosfr', 'cropium', 'gomez_junco', 'rimini_firzin', 'bettygallegos_yyf', 'chiaraa_cml', 'diegojorgensenf', 'nata.lee.a', 'ge4yo', 'yoyoenmexico', 'sebasstianlavin', 'ramya_lluvia', 'danfiury15']"
147,0.0,,minter.delegates,24,835,7502,24,816,10,"['svenja_blondiee', 'damiijamy', 'annanguyen.au']"
148,0.0,,maximshoots,164,1248,960,24,2044,77,['chronicalsofschmidt']
149,0.0,,fistsalud,1304,6944,114,24,2344,21,"['yirina_baranova', 'yadava60978', 'xxrdnei']"
150,0.0,,slowmotron,595,909,2124,24,1111,119,"['stephencaplanis', 'litinquiry']"
151,0.0,,machitako,1432,863,826,24,1041,32,"['youhaikuo', 'davidyoyos', 'yochimura44']"
152,0.0,,sam.rips_,392,943,1481,24,6508,221,"['madi.patel_', 'chandler_hansen', 'nall_7', 'slcwhere', 'willl.rip', 'jakekocherhans', 'chan.jones20', '_jodykealohi', 'buckyyyyyyyyy', 'jamie.rip.jolley', 'samhaertel']"
153,0.0,,shinoppy_setsubi,24,21,77,24,699,30,"['shinoppy_setsubi', 'nakasimainteriayu']"
154,0.0,,fullmetalyoyo,79,573,562,24,3643,105,"['mishyoyomama', 's0_abel', 'tha.shree_']"
155,0.0,,philmaher1,150,172,271,24,581,27,"['food.ak039', 'graceemaher', 'browjoinez', '_heidi.79_']"
156,0.0,,unsettledjello,23,90,311,23,1096,46,['mikemonty']
157,0.0,,spideyyoyo,67,257,447,24,1443,51,"['villalobbs', 'bf_throws']"
158,0.0,,adam.jp.bon,105,1012,223,24,1926,83,"['b.hoges', 'bonsaitonight', 'needle_and_bread', 'bonsai_n00b', 'mvpbonsai', 'jevontys', 'bonsai_bentley', 'bonsaiharmony', 'coppercreekbonsai', 'rai_bonsai', 'e_ray_nah']"
159,0.0,,lyn_gunthorpe,91,92,131,24,478,40,['purepeaceyoga']
160,0.0,,eos_x_44,997,1994,537,24,36659,186,"['yochimura44', 'zmeyerfirefire', 'spaceyrat_jae', 'kalani_yoyo', 'yy_matthew.r', 'sang_woo_yoyoer', 'i_swizzle', 'nova_throws', 'bf_throws', 'escoblackjosh', 'eshd.mk1', 'hesperaux', 'thesonicpineapple', 'aranmcfrick', 'nick_henn']"
161,0.0,,havencandles_,116,630,512,24,1282,118,"['melbryce91', 'princessrlakshman', 'kirsty_chandler_', 'hayden89', 'ourano_yogaandlifestyle', 'melissanaturopath', 'cooper.jeanie', 'shannon_s_king', '_k_pat_', 'lyn_gunthorpe', 'purepeaceyoga', 'edenbest__', 'spread.pixiedust']"
162,0.0,,florademons,17,86,221,17,460,56,"['editionyoyo', 'spaceyrat_jae', 'food_cultur__', 'ohiyaaryaar520', 'art_rkb11']"
163,0.0,,editionyoyo,155,1057,624,24,4833,151,"['yoyopalace', 'kris__toledo', 'thesisyoyos', 'khentgaid', 'ggmarkd', 'davidyoyos', 'jyan.yoyo', 'sang_woo_yoyoer', 'slowmotron', 'marzart06', 'hesperaux', 'dexterntilly', 'ohdaleo', 'janetnbuddy', 'blaise_becker', 'soyunputogatete']"
164,0.0,,big_yo_thrower,18,112,264,18,1222,20,"['notforkids.toys', 'bf_throws', 'hesperaux']"
165,0.0,,god_and_yoyo,65,359,1616,24,1235,60,"['crazylegslogan', 'bf_throws']"
166,0.0,,lordofalltrades22,848,242,2429,24,308,56,"['bladedavila', 'thesisyoyos', 'kafskates', 'createoriginals', 'xerospinblading', 'vlshuts']"
167,0.0,,coltsyoyolife18,67,181,581,24,2028,137,"['dressageunlimited', 'humnbrd14', 'the_black_sunrise']"
168,0.0,,amirreza_moshfeghi,8,616,1003,7,468,68,"['kavepourreza_', 'shirin.meikhosh', 'poya.tabrizi85', 'javadhaddad.official', 'amirho3ein_pvm', 'itak925', 'pouyan_ggb', 'hosein_9455', 'sivvin_venos09_0', 'mahdieh.moshfeghi', 'alireza.sadeghi.ars021', 'reeraa_pary22', 'swdmstfwy', 'thebignerdemad', 'artin__404']"
169,0.0,,leitopollo,14,142,350,14,146,11,[]
170,0.0,,fthak__,46,192,303,24,888,56,"['s_b_regna', 'marialuisa_thomas', 'annscasky', 'kijkme', 'red_vod_ka']"
171,0.0,,aidan.bartlett.and.associates,21,338,488,21,1873,97,"['rileytaylor7_', 'espoir.giezel', 'connor.fitzgibbon', 'bribenikos', 'sameveleigh', 'jonah.vw', 'thedominantpeace', 'jude.mendez', 'holly.bartlett_', 'alexandre.price', 'jbdezzz', '_eveleigh', 'harrison_gall', '112.locosstreetwear']"
0,,,sunrin_edcan,37,93,31,24,355,9,['note11i']
0,,,note11i,13,96,118,13,353,19,"['jh.04', 'jaeyong2992', 'chan_reason', 'daco_calli', 'jojeonggeun05']"
0,,,chan_reason,5,53,57,5,94,14,"['note11i', 'yunsoo0614', 'chamchi_0809', 'junsang_97', 'bark_tain']"
0,,,daco_calli,93,58,34,24,431,14,['chrisuh0408']
0,,,jojeonggeun05,7,429,525,7,527,100,"['recog_nize_05', 'y_2.my', 'jeans_e2chung', 'dumb_bo_30', 'ovo_ouo_oxo_', 'apricot_flower.05', 'minionionnoff', 'umm____yrm', 'jaehyung.05']"
0,,,chamchi_0809,16,155,202,16,768,43,"['jaehuggiesmagickpanty', 'dboyonclover', 'luminare_31', 'jeyoun_00']"
0,,,junsang_97,8,173,145,8,1439,27,"['tony_sung_ch', 'yunsoo0614', 'giove_hun', 'gjuu__', 'walk_the_chiken', 'incastleee', 'nonfry_shyaneul', 'thanan_rucksakulchote_', 'inhychoi', 'hewsdf5']"
0,,,bark_tain,61,48,39,24,238,29,"['chan_reason', 'say_meli413', 'kangseongmin04']"
0,,,chrisuh0408,487,261,237,24,777,65,"['pu._.rarang_record', 'elisabeth.plans', 'chrisuh0408', 'emkei_language']"
0,,,recog_nize_05,10,444,391,10,854,88,"['0nsterchan_', 'araxhi.in', 'willlbealllright', 'rin21.17']"
0,,,jeans_e2chung,15,58,108,15,266,15,[]
0,,,ovo_ouo_oxo_,22,220,229,22,690,42,[]
0,,,apricot_flower.05,56,142,201,24,876,101,"['yudamj6392', 'rnjsskfo_o', 'joo_closed', 'ag.__.gang', 'rin21.17', 'yooh_1.08', 'm._eunha_05']"
0,,,umm____yrm,9,279,115,9,1127,14,"['heejung_iamwise', 'umm____yrm', 'gangjeongweon771']"
0,,,jaehuggiesmagickpanty,11,230,353,11,470,58,"['aiden_jb_seo', 'note11i', 'juns_e_o', 'nsixty1']"
0,,,dboyonclover,61,85,144,24,872,281,"['mukeshsahu_nuwan', 'life_nft_', 'sandeep___sk_____', 'pocky8682', 'pooja49891', 'rukmni.dass', 'ayushmaan_093', 'nft.p.02', 'juilly.a', 'lina569644', 'vinodmoond74', 'vinodmoond659', 'jzed.01', 'jati1470_14', 'xx_01_26_', 'busness_lover___1', 'sangho.19', 'sokhal805', 'sonu.kumari456', 'jang.jaeho', 'crazy_pusy', 'professor86886', 'dboyonclover']"
0,,,luminare_31,5,43,70,5,87,5,"['cuzbriwantsto', 'minseo8815', 'c_luu_s2', 'luminare_31']"
0,,,jeyoun_00,14,110,87,14,1086,32,"['ux._.jin', 'soyeon_006', 's_hyun3945']"
0,,,tony_sung_ch,119,728,1885,24,3614,102,"['returntopsbr', 'sang_woo_yoyoer', 'cedr7c', 'tony_sung_ch', 'subtomy.yonlyfans', 'masonlca', 'leviyoyos', 'conor.neumann', '_cupmen', 'jaieulnzy', 'lee_hakje', 'thanan_rucksakulchote_']"
0,,,giove_hun,5,144,175,5,202,13,"['dxnxyxxn', 'dangdang__g', 'c_student_zeff', 'use.jooon', 'hyeongju_byeon', 'strul0409']"
0,,,walk_the_chiken,9,293,606,9,3132,175,"['sang_woo_yoyoer', 'cedr7c', 'xxrdnei', 'ng.thekhoi', 'thanan_rucksakulchote_', 'kymyoyoer', 'leviyoyos', 'i_swizzle', 'ppolor', 'asian_rice_bowl14', 'thebrandonvu', 'caoshua1', 'mazal_top_yoyos', 'mikemonty', 'jonathanstggg', 'remybaskin', 'yoyofactoryaldrin', '_lejacky', 'winjamen', 'pho.kobe', 'mvcwell', 'davidyoyos', 'geraldcarboneau', 'yochimura44']"
0,,,thanan_rucksakulchote_,398,946,1589,24,6625,383,"['youngster_teoweihongbryan72', 'rvyyan.am', 'sang_woo_yoyoer', 'jeremy.k.liang', 'cedr7c', 'walk_the_chiken', 'omaroqail', 'joseph.e.w', 'khent.yo', 'zencefil_anne_yemekleri', 'danyllo_barbiero', 'nonfry_shyaneul', 'diana.drawss', 'jyan.yoyo', 'jay_yupjae', 'daevenneeve', 'marchesingapore']"
0,,,say_meli413,15,33,66,15,84,23,['baggeonhyeong99']
0,,,pu._.rarang_record,17,101,63,17,530,30,[]
0,,,elisabeth.plans,356,13900,1946,24,20178,841,"['ouou.y', 'whatisyour.hobby', 'evelyn.plans.joyfully', 'dream.love.plan', 'tiendascrapbooking', 'planonthesunrise', 'kreativiia', 'bibi_2love', 'tulena_art', 'bevskawaii', 'letitbeejournal', 'planningwith_kathy', 'jessis_filofaxing_and_more_', 'kim_chichou', 'ladycharitoplans', 'babs_hellmich', 'mai.mai.world', 'glam.glitter.plan', 'fleursworldofplanners', 'a_hobbywithme', 'myga.__lerie', '___2315pm', 'shop_lazy_day', 'katrina.plans', 'kreativmiene', 'glass.half.mindful', 'deetsbydeej', 'journal.of.junk', 'katikotti_plans', 'fairylightsjournal', 'onpaperlane', 'candy_paperlover', 'zahra_loves_insta', 'shico_journals', 'planning_and_journaling_nanda', 'munro9056', 'stickerguru', 'hsjou_cdgh', 'hellopetitepaper', 'picturedpaper', 'pro_planning', 'bibbiroselab', 'dailyarts2006', 'oteroanapaula']"
0,,,emkei_language,208,2536,1753,24,1730,89,"['vivid_ji0', 'mierachung', 'with_lumi', 'mika101457', 'kay.writing', 'bonnie__.b', 'chrisuh0408', 'hanbok_bosungyega', 'b_apple101']"
0,,,0nsterchan_,7,215,175,7,406,112,"['janos_csoma', 'lll._.jin0', 'recog_nize_05', 'jeongwoo_0607', 'jojeonggeun05', 'qudcjf_05', 'rin21.17', 'lalsfwr14', 'overthemoon_3301', 'bvolte_', 's._.shyeon', 'luculent_ychan']"
0,,,rin21.17,14,292,226,14,1093,54,"['rachelyooon', 'jojeonggeun05', '_mg_1107', 'joo_closed']"
0,,,yudamj6392,37,132,151,24,690,166,"['j._.ms05', 'xx._ji_05', 'chaewon1168', 'rlacoals_21_', 'gim.yw', 'joo_closed', 'apricot_flower.05', 'juhyeon_0_0_', '10._.da0']"
0,,,gangjeongweon771,105,382,1165,24,2533,137,"['setiawan44fortyfour', 'gombenggg_', 'bahagiaa55', 'x_sukhizee', 'lurah_cimahi', 'wiraa_j']"
0,,,nsixty1,25,108,121,24,397,69,"['yongsa_jio_0403', 'vertigo_kk', 'jx._.mn', 'p_henry_0330']"
0,,,life_nft_,6,14,39,6,64,24,"['rmadesign.tv', 'wolf.exofficial', 'emni.pemni', 'dfhxsdg']"
0,,,sandeep___sk_____,18,59,45,18,20,1,[]
0,,,ayushmaan_093,4,4,78,4,22,7,"['rahugdjejsn', 'yujuf700', '7479_dk', 'art_promo_official_sp786', 'jaani14035', 'jaatankit007f', 'ayushmaan_093']"
0,,,nft.p.02,32,98,33,24,125,3,[]
0,,,vinodmoond74,10,51,142,10,26,1,[]
0,,,vinodmoond659,9,49,143,9,57,2,[]
0,,,jati1470_14,7,204,729,7,91,1,['__fitfem']
0,,,professor86886,7,70,55,7,33,0,[]
0,,,cuzbriwantsto,36,281,304,24,1228,33,"['c_luu_s2', 'minshookgah_fanarts', 'minshookgah', 'mijeen_iamwise', 'jypark_uhoduk333']"
0,,,returntopsbr,131,375,486,24,2322,121,"['threadkeeper', 'm_s_barker']"
0,,,sang_woo_yoyoer,197,1352,1935,24,10171,469,"['youngster_teoweihongbryan72', 'iwasthebruce', 'caganyilm', 'danyllo_barbiero', 'hesperaux', 'tobywalpole', 'ef.n.yyws', 'letsloiter', 'rafaelyuuri', 'norosebo', 'djinni_cake', 'asian_rice_bowl14', 'weirong_1a', 'dancingyoyoman', 'mazal_top_yoyos', 'salamifrank67', 'ed.yoyo_2.0', 'justindaueryoyos', 'mishyoyomama', 'bel.letsgo', 'hemersonflores', 'senterpaul', 'hootsshouse9767', 'mainllr', 'aceyo_michaell', 'nova_throws', 'lofiyoyo']"
0,,,cedr7c,11,878,2042,11,3708,234,"['eos_x_44', 'youngster_teoweihongbryan72', 'khentgaid', 'jeremy.k.liang', 'thachnguyen21', 'leviyoyos', 'cannibal.throws', 'victorianyoyos', 'thesisyoyos', 'yotoyimages', 'jyan.yoyo', '44.gundam', 'ghostbooii', 'nothingbutdensityandtech', 'thanan_rucksakulchote_']"
0,,,subtomy.yonlyfans,21,160,284,21,3480,64,"['oleg_alkhazov', 'kaylinitythrows', 'annasorrawr', 'louisvuittron3000', 'ygmoney0', '_business__lover__3', 'b3ccasaturn64']"
0,,,leviyoyos,28,718,338,24,9197,438,"['jools_bosman', 'cedr7c', 'sang_woo_yoyoer', 'alex_wikileaks', 'yoyo_mpm', 'gronaldgreagan', 'tim.tdi', 'et_joseph6.7', 'tenn._ey', 'passionpod', 'ty_usesyoyoswithnostring', 'altkm', 'j.tacky', 'emmamaele', 'dane__flips', '_drewjacobs', 'hughphan_', 'west__2w']"
0,,,_cupmen,23,426,394,23,547,25,['aliclarkia']
0,,,lee_hakje,18,744,461,18,20530,269,"['na_zihnn', 'sang_woo_yoyoer', 'cedr7c', 'aidanyoyos', 'frva.lo', 'throwtrue', 'ng.thekhoi', 'thanan_rucksakulchote_', 'maisonseowon', 'richrd_yng', 'colinbeckford', 'zafranzaba', 'yoyosonly', 'jaieulnzy', 'khentgaid', 'yoyo_newbie12345a', 'jeremy.k.liang', 'imfilip321', 'mowlhayato', 'tobyschneider', 'nuqget', 'ricardomarechall', 'gugoncio', 'remybaskin', 'yyyllib', 'shuuuyun', 'giulianodondon', 'chiragverma_yoyoer', 'yotoyimages', 'kkxu122', 'yoyofactoryaldrin', 'hankwanghee__', 'mattheww_217', '_lejacky', 'ge4yo', 'tony_sung_ch', 'walk_the_chiken', 'gjuu__', 'jan_matocha', 'jaysen_yoyo', 'geraldcarboneau']"
0,,,c_student_zeff,523,235,217,24,484,12,[]
0,,,kymyoyoer,179,1168,176,24,64616,249,"['throwtrue', 'khentgaid', 'yy_matthew.r', 'vonov_a', 'gaetyo17', 'kyzizan', 'swift_nimhble', 'karol_turkiewicz_', 'justindaueryoyos', 'jay_yupjae', 'lofiyoyo']"
0,,,i_swizzle,29,1060,2108,24,13133,475,"['yoyojamben', 'sang_woo_yoyoer', 'cedr7c', 'wildredpath', 'blaise_becker', 'messymesler', 'richieluvsyoyos', 'kev47th_', 'st33zyb_710', 'richrd_yng', 'dope_momlife', 'billlionner', 'giggleglands', 'rajones19', 'hverdagen96', 'throwersgallery', 'xianxiejiang1', 'yotoyimages', 'samwiize', 'ggmarkd', 'ishima.moura', 'docpop', 'yobraydon', 'tenn._ey', 'guy_with_a_yoyo', 'jyan.yoyo', 'yochimura44']"
0,,,yochimura44,273,623,794,12,722,40,"['kashi3kame3', 'sang_woo_yoyoer', 'sakatuca', 'yoyoplayer_otokoume', 'knock_next_door2019', 'raincity_jordan']"
0,,,iwop_sunrin,5,44,14,5,99,1,['sunrin_bfd']
0,,,sunrin_bfd,6,50,14,6,49,0,[]
0,,,ckstmznf,5,135,305,5,176,15,"['zxx__wise', '_string._.ju_', 'kim_.burn', 'chamchi_0809', 'masonlys2', 'leesouool', 'patilitaq', 'junsang_97', 'ckstmznf', '1._.silo']"
0,,,yd0821,1186,176000,232,24,211325,1382,"['02.aap', 'p_wallfl0wer', 'maa_.go', 'niceals23', 'wwwo__owww_', '8_8.jin', 'oxaa00', 'kwangjae_mon', '_1.09_x', 'ilovesaltddongzip', '0_amworld', 'gangdayeong300', 'sohyun_cake', 'do_yon.i', 'sini_ck', 'nado_odo', 'kwaktori', 'nanay0302_', 'pymirt', 'h_sjh21', '_rin._8', 'dx_bxing', 'hyeon_07jin22', 'eunooq', '_soso___o', 's.ldm_s', 'cnstka486', '0505.nan', 'potato_o06', 'wise_hyun7', '_stand_eun', 'com_jinet_bo', 'babybluemaker', 'sonbin_0621', 'hyerinsta_96', 'qqhrmfl__', 'innaqu22n', 'jinhyeok_08', 'afterglow_jeongmin', 'lavieestbelle0923', '_jo_oj_nuebi0809', 'xxzin_xx', 'bagjinhyi9392', 'yunha8.8', '_bloodhound_df_10', 'hji_youny', 'hh1225_', 'zhdtj._.hi', 'ppojjag_soojin', 'hyohojelly', '2ee_hyeok', 'yeonsuke', 'dawin._o', 'not_allofme', 'ynzgonz', '0315kg']"
0,,,p_wallfl0wer,25,95,243,24,507,38,"['d.c_jihye', 'tnwlsv', 'mjeong.e', 'lamooramu', 'su_jin62', 'dduy_c']"
0,,,kwangjae_mon,77,1225,824,24,6060,212,"['fvvf8803', 'spirit_0126', 'sanghoney_i', '0s0__o', 'kwangjae_mon', '2da22', 'ch0i_sc', '_._heotak', 'hyukjun._.hyukjun', 'mishou0519', 'ji_dd0ng', 'youngz_06', 'loverduk__', '951106_c', 'icecream._.lover_jo', 'y_policewoman95', 'd.seolhwa', '_j_h__._._', 'dragon_woo34', 'sang.uk.93', 'seoyun_157', 'cee_chu', 'xd_dong3', 'studio_bodylog', '__hho.y', 'kk.ae0107', 'w_j_ooo1', 'handsomedevilllllll']"
0,,,gangdayeong300,41,74,160,24,262,11,['gangdayeong300']
0,,,sohyun_cake,82,279,795,24,720,67,"['julgusori', 'jeong_briney', 'kiti_chef']"
0,,,do_yon.i,11,150,143,11,404,13,"['ljy._.158', 'woosujin1203', 'hye_win07', 'k.jiyoon_07', 'songhanbyul_']"
0,,,sini_ck,430,76300,411,12,73586,505,"['clair_8364', 'yunh__do', 'ddungddaengi', 'vege_mil', 'jh_purple', 'ssu._.soso', 'k1m0nk1', 'hyoniinii', 'hano.gram', 'hey.__.hoo', 't_jni_l', 'ar_jamong2', 'swcream_863', 'jogeumiradosmile', 'so_noo_89', 'mayuho10', 'lovesomepurple_', 'beautiful.pine', 'jae__ri', 'akswl2639', 'najlyaa', '_t_h95', 'isangyeon426', '55almon', 'sayaka___okamoto', '_uynnc', 'sushi_pan_112', 'emimie02', 'stopstop00000', 'tldhs_512', 'honghyeonjin4240', 'ns_lej_942', 'yeonhi_b', '_jeong0120', 'ronindaeyo', 'lalla_0chu', 'i_luv__love', 'wldmxx_', 'muksunsaeng', 'su._.ky_5', 'zoa373', 'luygmos', '_miiiinju', 'yyoura10022', 'buildingbigsister', '11022333_']"
0,,,nado_odo,1625,206000,219,12,68719,424,"['1026mj', 'e.ang_sr', 'clair_8364', 'usef_login', 'bellarhaxod09', 'rototo7742', 'heeyomagram', '10min_k31', 'yeeunko1224', 'iloveu._xx', 'jjjjiak', 'youuuluvae', 'u.m.1018', 'makoto_hologramunicorndragon', 'yewon_68', 'lee_seonyoung_', 'nado_odo', 'yunjeong_b88', 'youngshin_na', 'gyul.__.ee', 'hye_jinnni', 'mayuho10', 'nail_mi_ni', 'dig_mlife', 'eueueunji', 'geee0ne_', 'l.__.shuri', 'siyumme', 'ye4.23', '_groundwater', 'isangyeon426', 'yy._.nn', 'sayaka___okamoto', 'ehjfe', 'eugene1094_', 'tjsdk121706', 'ju___hee__u', 'hang_niiii', 'motherof2starks', 'r1c0._yyya', 'th_zero3', 'wqekdlet_', 'mikyy0430', 'aeeew_fc', 'somyeong.b', 'bin._moa', 'iee_jiyoo', 'my_green97', 'chirina.o0', 'hong_sound', 'k_yeon_j17']"
0,,,kwaktori,3795,134000,630,12,21151,116,"['joyful._.sugar', 'lemon._.ed', 'hyuni_6.8', '_s_h_1230', 'ryeori', 'huichan_k', 'belle_comodo', 'yuriring_04', 'm8kang2323', 'gm_10_16', 'rim8727', 'sf90126', 's_6ooom', 'kimej4287', 'yrstylelist', '_atom__h', 'ur._.hari', '163._.mim', '601sumin', 'naneunnayeonida_', 'adorable_22bb']"
0,,,nanay0302_,53,97,364,24,343,26,"['nenya0425', 'nanay0302_', 'ra_vi_22']"
0,,,_rin._8,222,260,444,24,1263,160,"['hjiiin__kim', 'lee_doho', 'yadacoin79', 'many_da', 'u_naaaz', '1o_o.1', '_rin._8', 'taevely_', 'yeon_ji11']"
0,,,cnstka486,1112,123000,126,24,490844,3094,"['angela_bookartist', 'choyuri517', 'jy_jang514', 'k.mikyeong', 'youngandzero_', 'ddungddaengi', '1909shme_', 'log.0908', 'seolzz.gg', 'tu.es.une.pomme', '131moon_', 'heartjung77', 'kim_min_jung_9669', 'bboomeuny', 'bom_daeng_e', '214maze', 'yeojooakahailey', 'worldofkmri', 'lovelys0829', 'ssue_r', 'bptmanse', 'limitedchyoc', 'da1_mom', 'silverpoodle_rogi', 'juel_min', 'nihao_jin', 'hermes8401', 'bzang2_joy', 'young_mi_barbie', 'akswl2639', 'say_hee_e', 'bogyeong._.v', 'am0950', 'hyo_ggyeong', 'zzae7000', '_ji_hyeon_', '282jinee', 'ssr0514', 'fallinnine2_', 'honghyeonjin4240', 'loveboom47', 'yeahsilver_03', 'greenery___m', 'ehhh_ong', 'arorororo_moon', 'j_he_llo', 'torymom0118', 'joohyunnibunni', 'smk4839', 'gloria.reumi92', 'gunhoumma', 'ejjw0326', 'eggwoong', 'dodam_16s']"
0,,,0505.nan,17,19,219,17,269,14,"['anxious_ever', 'rolling_sweeets']"
0,,,potato_o06,44,92,69,24,834,43,"['h.ss__0', 'gabi_flz']"
0,,,wise_hyun7,4,109,174,4,148,10,"['dan._.be07', 'siyeon_0313', 'hyo_jung_07', 'kimyehyeon_', 'jmm._.y', 'dak_070_']"
0,,,sonbin_0621,18,59,63,12,263,6,"['minhbo__18', 'choco_browny_0218']"
0,,,qqhrmfl__,6,29,697,6,133,3,[]
0,,,afterglow_jeongmin,73,150,768,24,449,11,[]
0,,,lavieestbelle0923,14,191,299,14,864,53,"['jujuu3600', 'cherish___rin', 'and0_0conclusion', 'lavieestbelle0923', 'haha_eun14', 'na_kong_ida']"
0,,,_jo_oj_nuebi0809,55,30,117,24,199,22,['b612_001122']
0,,,d.c_jihye,91,475,419,12,1227,92,"['pilguuuuuu', '_3_soo', 'd.c_jihye', 'p_wallfl0wer', 'eeyore3152', 'macool_0604', 'gagshhd7556', 'h_s.bin', 'luvju_ya', 'dd_aks24', 'zzi_ni____', 'cms810807', '1.yuniverse']"
0,,,mjeong.e,11,375,309,11,1223,294,"['gisaengchun', 'sollesoleil', 'p_wallfl0wer', 'kxmchxxn', 'b2in_', 'thgusdlin', 'navley__', 'leeuneex', 'nibnueg_', 'z_.hyun', 'g._.ywnhj', '9.zoo_', 'zero_hezn', 'euna_99_', 'hryeane', 'jieeunnn', 'j_in2_6', 'scholastica98', 'kxx_shzxn', '__aug.21', 'swaitee_', 'ofmynov', 'yeri_me', 'hveeun', 'sun_j_28', 'applym1n', 'yeonee_630']"
0,,,su_jin62,22,63,64,22,301,37,"['straight_won', 'luvju_ya']"
0,,,fvvf8803,1125,1403,523,12,723,48,"['zluoo88', 'samsungmobilekorea', 'woonnnny', '_kangminchae', 'mrs_ssghee', 'millo0o', 'petit.foret', 'chris_donghoon']"
0,,,sanghoney_i,18,409,394,18,2498,455,"['9nuoy_', 'ding_din_', '0__hoooon', 'wnydrfl', '4ng_june2', 'sanghoney_i', 'jung_7ae_hun', 'joostar____', 'lueseyxx', 'nam_kii', 'kwangjae_mon', 'heesung_______', 'regina_9407', 'min_ddun', 'seongnaldo', 'mminaaan_', 'l.jay.h', 'teamworksports', 'plabfootball', 'kkmmmm_in', 'mojunsoo', '94o3z5', 'tenorkimkb', 'tedd_kim95', 'hak_vely', 'yooooooun.j', 'water__spring', 'chotae_95', 'hjungsal', 'minsu_rec2', 'mal_sigi', 'luckinosour', 'shin_younghwan']"
0,,,mishou0519,505,365,290,12,383,34,"['gaon_snail', 'saesae_bebe', 'jjungpower23', 'sa_rim_', 'uni_blossom_']"
